{
    "accuracy": 0.08,
    "precision": 0.22448996655518394,
    "recall": 0.08,
    "f1": 0.014724101479915435
}