{
    "accuracy": 0.16166666666666665,
    "precision": 0.5771828505495841,
    "recall": 0.16166666666666665,
    "f1": 0.17302212602212602
}