{
    "accuracy": 0.3983333333333333,
    "precision": 0.6885144927536231,
    "recall": 0.3983333333333333,
    "f1": 0.45587732297361505
}