{
    "accuracy": 0.475,
    "precision": 0.5154920784125236,
    "recall": 0.475,
    "f1": 0.48821303856965853
}