{
    "accuracy": 0.4533333333333333,
    "precision": 0.6584957543631204,
    "recall": 0.4533333333333333,
    "f1": 0.48845381184103814
}