{
    "accuracy": 0.5166666666666667,
    "precision": 0.5276289491758241,
    "recall": 0.5166666666666667,
    "f1": 0.5199489114598886
}