{
    "accuracy": 0.5733333333333334,
    "precision": 0.6624761630591284,
    "recall": 0.5733333333333334,
    "f1": 0.5743447410889102
}