{
    "accuracy": 0.5783333333333334,
    "precision": 0.6250374471664452,
    "recall": 0.5783333333333334,
    "f1": 0.5877752449449112
}