{
    "accuracy": 0.49,
    "precision": 0.5516450216450217,
    "recall": 0.49,
    "f1": 0.5177140242507435
}