{
    "accuracy": 0.08166666666666667,
    "precision": 0.4428336125069794,
    "recall": 0.08166666666666667,
    "f1": 0.0180499090281699
}