{
    "accuracy": 0.23666666666666666,
    "precision": 0.5865906286771846,
    "recall": 0.23666666666666666,
    "f1": 0.20678494663860514
}