{
    "accuracy": 0.26666666666666666,
    "precision": 0.5544646032286482,
    "recall": 0.26666666666666666,
    "f1": 0.29683235735421865
}