{
    "accuracy": 0.115,
    "precision": 0.6278081255042086,
    "recall": 0.115,
    "f1": 0.08939655259248068
}