{
    "accuracy": 0.15333333333333332,
    "precision": 0.6062157716987504,
    "recall": 0.15333333333333332,
    "f1": 0.15412689707718166
}