{
    "accuracy": 0.07833333333333334,
    "precision": 0.006136111111111112,
    "recall": 0.07833333333333334,
    "f1": 0.01138073158165894
}